word,count
health,  8120 
minister,  12023 
jonathan,  630 
coleman,  569 
says,  16969 
national,  22539 
service,  2047 
helped,  402 
new,  38051 
zealanders,  6158 
launch,  392 
year,  9858 
ago,  906 
today,  6504 
visited,  287 
auckland,  4572 
offers,  230 
advice,  1008 
support,  7498 
phone,  307 
text,  186 
online,  723 
services,  4777 
platform,  193 
delivered,  758 
provider,  180 
means,  1672 
kiwis,  1859 
makes,  695 
contact,  747 
matter,  524 
use,  2340 
receive,  1046 
appropriate,  426 
help,  4826 
need,  5924 
november,  616 
brought,  323 
seven,  491 
alcohol,  305 
drug,  732 
initiative,  695 
immunisation,  110 
public,  4393 
registered,  287 
nurses,  331 
mental,  1355 
addiction,  147 
provide,  3080 
assessment,  297 
symptoms,  100 
treatment,  509 
launched,  635 
minute,  108 
cent,  4461 
calls,  262 
overall,  415 
number,  3205 
increased,  1494 
september,  579 
like,  4204 
thank,  1045 
team,  1320 
staff,  1572 
based,  1512 
centres,  320 
homes,  1150 
country,  3863 
hard,  2121 
work,  7833 
commitment,  1190 
successfully,  226 
working,  3810 
sector,  3737 
partnerships,  235 
dhbs,  479 
primary,  2301 
care,  1960 
data,  1607 
shows,  1581 
receiving,  441 
assistance,  529 
compared,  405 
run,  646 
medical,  424 
partnership,  963 
ministry,  2001 
acc,  481 
agency,  709 
added,  338 
coming,  1015 
months,  1973 
including,  3060 
million,  6426 
boost,  572 
budget,  2636 
increase,  2654 
people,  10408 
earlier,  752 
stage,  539 
applications,  366 
funding,  4328 
industries,  1116 
earthquake,  923 
relief,  379 
fund,  2597 
extended,  354 
extra,  1282 
month,  1265 
nathan,  387 
guy,  746 
announced,  3010 
locals,  348 
told,  521 
time,  6055 
information,  3855 
extension,  327 
march,  685 
sure,  989 
eligible,  242 
opportunity,  2199 
apply,  462 
grant,  953 
infrastructure,  2795 
repairs,  107 
hurunui,  143 
kaikoura,  496 
marlborough,  286 
affecting,  121 
farmers,  1632 
normal,  250 
growers,  222 
busy,  446 
farm,  372 
summer,  382 
damage,  358 
family,  2325 
buildings,  562 
combined,  305 
eqc,  139 
home,  2156 
insurance,  198 
claims,  486 
feeling,  187 
pressure,  483 
needed,  1172 
repair,  135 
access,  2679 
local,  4891 
recovery,  993 
rural,  1444 
trusts,  142 
held,  841 
received,  940 
small,  2034 
guide,  160 
grants,  511 
contribution,  691 
covering,  148 
maximum,  172 
costs,  1848 
hand,  456 
result,  1172 
farming,  433 
needs,  3962 
skilled,  356 
workers,  1249 
volunteers,  427 
allocated,  296 
programme,  2991 
form,  496 
pay,  1567 
associated,  227 
establishing,  182 
land,  1645 
forestry,  479 
initial,  235 
clean,  343 
include,  1149 
roads,  894 
bridges,  1884 
sides,  103 
generally,  126 
priority,  835 
given,  1220 
essential,  689 
continue,  2342 
roadside,  116 
stock,  273 
water,  1737 
supplies,  113 
cost,  2107 
total,  985 
considered,  384 
awarded,  243 
requests,  141 
available,  1870 
exceeds,  101 
limited,  439 
cover,  387 
provided,  933 
applicants,  143 
claimed,  219 
options,  578 
talk,  568 
trust,  1162 
currently,  1350 
sets,  225 
structure,  127 
membership,  195 
governance,  373 
candidate,  564 
progress,  1376 
policy,  3514 
party,  4794 
read,  602 
copy,  165 
latest,  948 
rules,  976 
view,  623 
official,  446 
documents,  276 
revealed,  234 
day,  2370 
bay,  1174 
plenty,  604 
dhb,  531 
despite,  1015 
concerns,  869 
general,  1172 
spokesperson,  7345 
shane,  857 
reti,  645 
deals,  115 
cyber,  278 
attack,  219 
individual,  402 
david,  1196 
clark,  620 
approach,  1534 
security,  1221 
zealand,  19003 
real,  1362 
concern,  448 
attacks,  188 
daily,  210 
light,  638 
recent,  1200 
fully,  490 
protect,  863 
important,  3665 
hold,  523 
example,  1156 
times,  1212 
week,  2498 
measures,  690 
block,  297 
days,  1050 
issues,  2501 
saying,  469 
won,  1026 
deal,  666 
clearly,  543 
rate,  875 
lack,  638 
leadership,  1008 
undertake,  138 
urgent,  230 
improve,  1917 
monitoring,  312 
placed,  222 
established,  531 
government,  23942 
response,  1541 
centre,  1081 
members,  1671 
business,  4206 
matters,  495 
seriously,  230 
act,  2061 
ensure,  3506 
systems,  543 
safe,  1293 
police,  2283 
chris,  931 
bishop,  631 
asking,  346 
senior,  460 
jones,  479 
believes,  408 
haumaha,  123 
completely,  287 
parliament,  3157 
yesterday,  440 
report,  1677 
authority,  317 
leader,  2810 
winston,  320 
peters,  457 
accept,  153 
findings,  110 
think,  980 
agree,  358 
prime,  2298 
ties,  100 
repeatedly,  116 
rotorua,  456 
disclosed,  236 
cabinet,  618 
came,  575 
marae,  158 
middle,  381 
election,  2053 
campaign,  981 
celebrate,  283 
commissioner,  339 
statement,  373 
invited,  167 
material,  176 
released,  1303 
likely,  709 
record,  983 
continues,  916 
positions,  153 
power,  718 
transport,  3547 
simon,  1556 
welcomed,  626 
announcement,  1100 
approved,  326 
construction,  1172 
queenstown,  351 
eastern,  193 
road,  2199 
critical,  693 
link,  611 
network,  859 
congestion,  416 
area,  1601 
airport,  417 
connecting,  255 
park,  540 
fantastic,  481 
news,  966 
visitor,  268 
numbers,  1002 
continuing,  543 
grow,  1340 
developments,  379 
strong,  2541 
economy,  4515 
putting,  614 
increasing,  1239 
responding,  195 
growth,  3772 
investing,  820 
significant,  2332 
district,  1092 
lane,  532 
bridge,  340 
built,  794 
falls,  125 
open,  1544 
second,  1333 
half,  812 
western,  238 
mid,  294 
capacity,  565 
highly,  382 
future,  3058 
plans,  930 
improvements,  664 
pleased,  698 
alongside,  606 
lakes,  184 
council,  2528 
development,  3725 
city,  1483 
confirms,  103 
able,  1867 
begin,  419 
project,  2385 
turning,  167 
mark,  544 
start,  1455 
expected,  1043 
occur,  141 
early,  1668 
trade,  2218 
todd,  1304 
mcclay,  880 
exporters,  321 
succeed,  343 
overseas,  666 
markets,  563 
agenda,  357 
mpi,  382 
years,  7038 
billion,  3204 
supporting,  1240 
thousands,  976 
jobs,  3077 
countries,  1362 
creating,  716 
improved,  600 
links,  314 
barriers,  319 
billions,  269 
entering,  206 
complex,  469 
brings,  360 
focus,  1917 
helping,  965 
address,  1247 
making,  2223 
competitive,  307 
international,  2406 
regulatory,  405 
requirements,  623 
resource,  527 
efforts,  610 
presence,  148 
europe,  126 
south,  1191 
east,  794 
asia,  406 
establish,  336 
export,  551 
environments,  217 
guidance,  236 
case,  851 
studies,  161 
non,  622 
tariff,  116 
major,  1386 
issue,  1134 
gathering,  109 
easier,  541 
seek,  308 
expand,  298 
economic,  4812 
intelligence,  159 
unit,  480 
market,  1188 
agencies,  840 
identify,  331 
opportunities,  1992 
develop,  880 
strategies,  100 
looks,  259 
good,  2787 
exports,  510 
diverse,  269 
getting,  1459 
best,  2174 
high,  2815 
quality,  1921 
place,  1867 
closely,  378 
internationally,  229 
resolve,  187 
hundreds,  684 
millions,  343 
dollars,  762 
improving,  886 
resources,  926 
fight,  368 
excellent,  295 
way,  2512 
value,  1066 
existing,  820 
plan,  3402 
job,  1412 
creation,  219 
living,  1240 
known,  399 
judith,  1586 
collins,  1828 
lower,  706 
hutt,  483 
announcing,  226 
jobstart,  104 
west,  846 
late,  492 
faces,  111 
worst,  250 
christmas,  372 
unemployed,  129 
unemployment,  502 
benefits,  1284 
kept,  258 
wage,  754 
subsidy,  418 
scheme,  1290 
lost,  614 
lose,  228 
ahead,  1052 
set,  1727 
buy,  295 
capital,  965 
taxes,  1599 
stages,  116 
successful,  867 
come,  1772 
kiwisaver,  380 
savings,  229 
tax,  4122 
taxpayers,  521 
funds,  339 
proper,  144 
financial,  1389 
ideas,  785 
signed,  450 
recipients,  199 
addition,  429 
owners,  739 
write,  152 
investment,  3562 
asset,  209 
previously,  486 
said,  2306 
businesses,  4316 
going,  1742 
banks,  145 
banking,  103 
finance,  2094 
additional,  1484 
vision,  435 
feel,  519 
confident,  426 
gives,  430 
cash,  433 
payments,  237 
permanent,  250 
create,  1182 
longer,  731 
planned,  375 
creates,  190 
entrepreneurs,  116 
wants,  525 
negative,  188 
indicators,  103 
head,  315 
recognise,  413 
things,  952 
amy,  454 
adams,  822 
weeks,  1323 
decade,  382 
seeing,  601 
rising,  405 
firms,  222 
vast,  131 
workforce,  504 
confidence,  1378 
levels,  740 
seen,  1155 
drop,  329 
low,  975 
world,  3359 
forecast,  381 
gdp,  573 
revenue,  827 
growing,  1950 
wages,  300 
build,  1494 
schools,  3249 
hospitals,  203 
invest,  880 
better,  3661 
raising,  311 
acknowledge,  683 
impact,  1238 
having,  1583 
anti,  283 
policies,  1274 
foreign,  1010 
bad,  417 
decisions,  1040 
oil,  333 
gas,  504 
exploration,  212 
consultation,  771 
experts,  240 
calling,  620 
face,  702 
facts,  101 
got,  590 
wrong,  310 
change,  2515 
course,  543 
robertson,  429 
explain,  468 
spending,  1527 
promise,  549 
lift,  382 
deserve,  572 
idea,  384 
right,  2176 
prevention,  342 
remain,  596 
priorities,  476 
results,  876 
children,  3583 
helps,  326 
stop,  679 
coverage,  178 
community,  5573 
target,  1002 
old,  542 
introduced,  553 
consistently,  131 
quarter,  388 
december,  534 
olds,  205 
vaccine,  160 
achieved,  360 
māori,  1253 
pacific,  1413 
rates,  777 
highest,  435 
reducing,  846 
june,  696 
meet,  1621 
ambitious,  348 
current,  1711 
resulted,  208 
cases,  690 
regional,  2530 
reduce,  1631 
young,  3845 
affected,  568 
awareness,  313 
february,  454 
regions,  916 
extend,  307 
end,  1328 
july,  705 
committed,  1569 
deliver,  1922 
activities,  558 
finding,  222 
pathway,  207 
heart,  432 
nelson,  1603 
training,  1041 
fresh,  206 
inspire,  104 
central,  1270 
rapid,  206 
quickly,  568 
polytechnics,  154 
universities,  119 
private,  1038 
providers,  750 
short,  597 
skills,  1335 
kiwi,  1046 
includes,  961 
sectors,  559 
zealander,  162 
driver,  231 
seat,  199 
designed,  483 
rapidly,  213 
tertiary,  956 
payment,  234 
person,  722 
mentoring,  123 
accelerator,  126 
dedicated,  308 
management,  1805 
generate,  120 
specialist,  236 
position,  522 
offices,  161 
benefit,  1532 
intensive,  161 
path,  278 
expansion,  196 
hub,  306 
model,  505 
purpose,  429 
match,  110 
long,  2215 
term,  1918 
upgrade,  444 
focussed,  146 
welfare,  454 
ensuring,  1074 
social,  3359 
encouraging,  451 
vocational,  118 
education,  5689 
expensive,  190 
frontline,  224 
delivering,  980 
tech,  169 
supply,  720 
related,  461 
scholarships,  193 
ict,  142 
graduate,  112 
achieve,  885 
double,  327 
size,  299 
technology,  1234 
paying,  610 
knows,  328 
properly,  216 
employers,  658 
necessary,  309 
package,  1043 
developing,  529 
stronger,  345 
difference,  754 
providing,  1261 
choices,  198 
plus,  234 
signing,  174 
historic,  156 
relations,  397 
closer,  298 
following,  1123 
agreement,  1070 
moment,  210 
involved,  913 
raise,  545 
standard,  373 
resilient,  191 
prosperous,  100 
interests,  422 
joint,  298 
australia,  1006 
transform,  151 
economies,  260 
reliable,  245 
income,  887 
sustainable,  631 
common,  347 
trading,  425 
goods,  304 
tariffs,  109 
red,  350 
tape,  115 
investors,  220 
proof,  127 
companies,  839 
series,  286 
upcoming,  143 
www,  827 
govt,  1099 
engagement,  335 
climate,  963 
annual,  924 
speech,  532 
subject,  317 
strongly,  301 
views,  552 
holiday,  221 
break,  299 
friends,  436 
enjoy,  395 
great,  3149 
driving,  448 
testing,  565 
began,  208 
petition,  809 
seeking,  331 
introduction,  230 
healthcare,  393 
areas,  2025 
difficult,  530 
population,  981 
true,  200 
meaning,  240 
housing,  3651 
assist,  399 
elective,  256 
surgery,  212 
dropped,  181 
lowest,  231 
nick,  651 
smith,  1132 
huge,  976 
privilege,  271 
walk,  197 
newly,  166 
opened,  343 
track,  1069 
sign,  584 
updates,  412 
political,  824 
happen,  432 
consumers,  371 
mps,  751 
greater,  1318 
protection,  641 
whangarei,  333 
passed,  502 
reading,  516 
wednesday,  205 
contribute,  401 
conservation,  1402 
initiatives,  1019 
environment,  2015 
list,  931 
alfred,  192 
ngaro,  260 
starts,  106 
tomorrow,  383 
enables,  217 
recently,  1224 
meeting,  1403 
discuss,  388 
order,  888 
families,  2855 
shop,  129 
hours,  724 
amendment,  635 
committee,  1630 
taken,  822 
debate,  343 
august,  384 
whanganui,  341 
region,  2326 
games,  179 
attention,  219 
test,  368 
strength,  232 
school,  3829 
funded,  609 
trial,  216 
innovative,  710 
teaching,  553 
approaches,  176 
wait,  291 
youth,  1549 
award,  398 
mitchell,  352 
night,  320 
delighted,  352 
recognised,  334 
went,  299 
colleagues,  322 
kelvin,  308 
davis,  377 
heads,  112 
poor,  398 
decision,  1684 
credit,  356 
stable,  241 
outlook,  192 
reflects,  266 
english,  739 
royal,  219 
cambridge,  273 
attend,  431 
battle,  227 
commemorations,  113 
october,  564 
representing,  139 
queen,  115 
joined,  269 
behalf,  287 
king,  366 
story,  290 
greatest,  223 
disaster,  248 
military,  178 
history,  646 
men,  370 
lives,  1735 
single,  560 
combat,  100 
involving,  150 
century,  196 
later,  577 
remember,  292 
fought,  120 
died,  108 
nation,  496 
provides,  981 
events,  954 
nations,  365 
represented,  170 
speaker,  326 
house,  1157 
carter,  125 
represent,  321 
share,  981 
comment,  125 
email,  596 
papamoa,  105 
electorate,  1597 
office,  1137 
closing,  125 
friday,  363 
monday,  327 
january,  302 
mistake,  117 
goes,  307 
prove,  135 
fit,  400 
manage,  626 
covid,  2187 
michael,  836 
woodhouse,  837 
reports,  507 
morning,  587 
personal,  970 
details,  846 
identity,  175 
active,  355 
failing,  365 
incompetent,  264 
unacceptable,  207 
suffering,  156 
incredibly,  350 
dangerous,  260 
virus,  190 
beginning,  250 
epidemic,  137 
couldn,  123 
simple,  267 
task,  141 
keeping,  631 
shambolic,  104 
wellington,  1810 
heavy,  217 
licence,  138 
clubs,  121 
club,  217 
concerning,  240 
soon,  488 
thing,  499 
past,  1449 
tough,  320 
dealing,  235 
crime,  1094 
targeting,  121 
sports,  283 
tackle,  226 
understand,  915 
internal,  109 
research,  1538 
zero,  214 
sale,  134 
sense,  504 
instead,  750 
ban,  264 
incidents,  160 
coalition,  603 
commit,  273 
organised,  181 
meant,  219 
places,  619 
island,  965 
respected,  118 
communities,  3218 
allow,  1006 
responsible,  672 
serving,  200 
enjoyed,  336 
visit,  971 
roskill,  198 
students,  2282 
parents,  1138 
enjoying,  107 
space,  419 
principal,  139 
exciting,  375 
speak,  301 
opening,  591 
class,  615 
promises,  562 
favour,  153 
board,  1494 
chair,  920 
julie,  232 
accepted,  163 
attending,  251 
guest,  103 
honour,  231 
john,  484 
key,  1817 
cut,  373 
evening,  161 
state,  1742 
hosted,  220 
president,  368 
india,  243 
indian,  130 
loved,  189 
hosting,  241 
teachers,  1190 
hon,  675 
pleasure,  231 
justice,  1247 
forum,  493 
residents,  1088 
fun,  134 
cultural,  357 
festival,  187 
celebrated,  126 
livelihoods,  118 
pandemic,  138 
large,  953 
pushed,  118 
control,  936 
debt,  915 
understands,  136 
prioritise,  176 
lifting,  222 
achievement,  668 
background,  221 
ability,  673 
learning,  1746 
child,  1126 
life,  1552 
thousand,  134 
period,  684 
biggest,  651 
upper,  246 
north,  1533 
left,  677 
submission,  143 
proposals,  872 
fisheries,  224 
meetings,  590 
recreational,  249 
commercial,  519 
submissions,  346 
close,  838 
send,  281 
thoughts,  184 
strategic,  324 
responsive,  100 
changes,  2363 
outlined,  209 
integrated,  360 
electronic,  154 
reporting,  306 
cameras,  108 
flexibility,  171 
technologies,  448 
leading,  526 
looking,  1247 
ways,  670 
challenges,  1016 
valuable,  415 
document,  592 
http,  222 
kuriger,  448 
kids,  664 
taranaki,  989 
shared,  471 
practices,  445 
expertise,  328 
goals,  228 
educational,  319 
outcomes,  770 
classroom,  156 
smaller,  237 
enhanced,  129 
aim,  270 
success,  919 
barbara,  341 
student,  665 
led,  1471 
evidence,  636 
factors,  177 
sharing,  378 
focusing,  185 
performance,  605 
formed,  117 
standing,  274 
firm,  140 
vulnerable,  964 
believe,  985 
lot,  737 
speaking,  162 
voted,  223 
effort,  333 
safer,  604 
concerned,  496 
process,  1769 
outcome,  195 
want,  2993 
knowing,  119 
try,  250 
worked,  658 
disability,  355 
dementia,  104 
abuse,  303 
groups,  956 
doctors,  175 
majority,  312 
law,  1866 
unfortunately,  186 
ignored,  139 
nearly,  571 
asked,  577 
select,  943 
consideration,  211 
deputy,  551 
big,  1152 
changing,  421 
decided,  221 
substantial,  173 
death,  247 
disappointing,  210 
labour,  4190 
connor,  291 
closure,  233 
minor,  100 
technical,  201 
included,  549 
removing,  182 
disabilities,  144 
legal,  454 
terms,  563 
risks,  519 
final,  499 
crucial,  305 
vote,  513 
urge,  122 
proposed,  995 
votes,  120 
amendments,  127 
published,  230 
website,  654 
org,  279 
organisation,  496 
peoples,  114 
associate,  1012 
transitional,  142 
property,  723 
programmes,  807 
reform,  624 
ensures,  137 
warm,  204 
dry,  161 
accommodation,  269 
lessons,  104 
staying,  116 
allows,  302 
alternative,  208 
tenants,  268 
moved,  199 
experienced,  304 
facility,  491 
introducing,  248 
diversity,  163 
register,  201 
representation,  125 
thrilled,  121 
contract,  203 
replacement,  148 
river,  520 
component,  105 
roading,  358 
aimed,  270 
delivery,  498 
projects,  2558 
estimated,  380 
reaching,  173 
standards,  788 
horowhenua,  161 
efficient,  342 
travel,  670 
nzta,  534 
agricultural,  323 
plastic,  140 
recycling,  112 
scott,  613 
simpson,  585 
product,  227 
stewardship,  115 
irrigation,  255 
agriculture,  711 
horticulture,  223 
processes,  359 
products,  635 
farms,  252 
easy,  376 
practical,  406 
waste,  638 
collected,  155 
equivalent,  152 
environmental,  970 
aims,  264 
cycle,  320 
harm,  447 
promote,  290 
encourage,  1000 
producers,  117 
minimisation,  122 
schemes,  165 
criteria,  225 
assessed,  116 
met,  490 
turn,  475 
objectives,  132 
targets,  840 
answer,  500 
questions,  1115 
touch,  369 
question,  477 
love,  300 
hear,  717 
free,  1854 
post,  475 
https,  123 
street,  402 
dunedin,  263 
effect,  451 
afternoon,  126 
affairs,  691 
spokesman,  184 
simply,  718 
bring,  812 
governments,  317 
accountable,  116 
far,  1021 
violent,  167 
investigation,  197 
gun,  132 
supported,  693 
reason,  361 
hasn,  289 
jacinda,  476 
ardern,  606 
step,  892 
line,  855 
finally,  445 
offenders,  624 
completed,  626 
corrections,  1118 
louise,  564 
upston,  809 
sentence,  139 
requires,  352 
complete,  523 
sentences,  155 
engaging,  196 
constructive,  154 
positive,  1042 
responsibility,  596 
offending,  218 
learn,  551 
required,  803 
building,  2010 
restoration,  158 
maintenance,  147 
knowledge,  444 
gain,  313 
paid,  546 
employment,  1427 
know,  2781 
maintaining,  196 
live,  931 
contributed,  165 
parties,  608 
department,  528 
square,  157 
fishing,  277 
surrounding,  119 
green,  756 
rescue,  231 
birds,  222 
plant,  256 
native,  356 
plants,  120 
waikato,  870 
orders,  213 
managed,  540 
treasury,  400 
focused,  864 
actually,  514 
started,  413 
career,  322 
institutions,  204 
room,  240 
particularly,  964 
fewer,  547 
court,  608 
dependent,  182 
household,  230 
sole,  119 
rest,  408 
fact,  668 
books,  227 
deficits,  131 
near,  351 
balance,  353 
tribute,  114 
managers,  130 
reoffending,  139 
percent,  398 
leave,  514 
prison,  637 
improvement,  270 
ncea,  246 
level,  1780 
reach,  461 
milestone,  134 
increases,  514 
pasifika,  205 
spend,  734 
childhood,  488 
households,  461 
risk,  2060 
achieving,  362 
group,  1740 
expect,  590 
average,  808 
scope,  105 
innovation,  1226 
efficiency,  173 
loss,  353 
human,  260 
potential,  1214 
willing,  142 
lead,  816 
save,  522 
money,  1818 
goal,  442 
shift,  192 
isn,  648 
meaningful,  172 
preventing,  147 
multiple,  214 
problems,  478 
different,  827 
productivity,  441 
commission,  657 
tuesday,  205 
highlighted,  172 
particular,  578 
departments,  139 
circumstances,  219 
little,  940 
effective,  778 
considerable,  165 
problem,  629 
useful,  135 
core,  423 
feedback,  618 
understanding,  489 
effectiveness,  125 
account,  694 
works,  547 
principles,  225 
customers,  173 
choose,  209 
sustained,  120 
require,  467 
interventions,  133 
specific,  338 
locally,  217 
outside,  364 
extremely,  279 
carry,  189 
solutions,  480 
reduced,  338 
analysis,  272 
aren,  331 
allowed,  332 
traditional,  173 
situation,  463 
dollar,  282 
tools,  398 
ongoing,  586 
certainly,  251 
starting,  408 
scale,  521 
look,  1523 
intervention,  279 
driven,  263 
point,  831 
bringing,  315 
commissioned,  115 
lifetime,  112 
thought,  343 
bigger,  170 
returned,  197 
higher,  1140 
larger,  205 
conditions,  563 
ones,  317 
parent,  173 
stay,  703 
wish,  282 
adult,  122 
showing,  389 
promising,  137 
chief,  492 
executive,  367 
charged,  126 
steps,  370 
rolling,  116 
picture,  211 
challenge,  592 
delivers,  203 
talked,  158 
advantage,  260 
applied,  102 
fiscal,  390 
measure,  255 
broader,  152 
wider,  810 
ultimately,  190 
gave,  216 
return,  672 
happening,  291 
clients,  149 
solve,  148 
protecting,  353 
futures,  125 
ground,  413 
experience,  1426 
individuals,  368 
trusted,  102 
relationship,  521 
according,  247 
happens,  111 
haven,  230 
resilience,  296 
arrangements,  240 
flexible,  219 
respond,  384 
accountability,  164 
whānau,  215 
ora,  168 
teams,  347 
situations,  122 
role,  1473 
consequences,  199 
connected,  360 
preparation,  102 
bit,  284 
add,  510 
supports,  555 
ministers,  846 
sort,  263 
settings,  262 
thinking,  287 
taking,  1225 
cutting,  158 
implementing,  227 
organisations,  841 
officials,  757 
listen,  250 
trying,  366 
realise,  137 
capability,  303 
backwards,  106 
reduction,  425 
proportion,  197 
turned,  270 
knew,  145 
exactly,  201 
away,  754 
mean,  546 
preparing,  122 
drivers,  302 
wouldn,  133 
admitted,  240 
hospital,  621 
disease,  237 
women,  1269 
maternity,  393 
rid,  133 
phil,  584 
twyford,  793 
portfolio,  279 
redevelopment,  245 
previous,  953 
campus,  100 
councillors,  102 
happened,  169 
owned,  262 
exercise,  145 
adds,  107 
uses,  146 
donated,  120 
covered,  131 
impacts,  347 
industry,  2360 
annually,  154 
nicola,  332 
willis,  313 
victoria,  254 
university,  782 
oppose,  119 
proposal,  504 
opposed,  192 
ill,  139 
engaged,  141 
spin,  108 
listening,  127 
appears,  249 
statistics,  357 
media,  673 
recommendation,  102 
graduates,  142 
fighting,  179 
gerry,  567 
brownlee,  921 
andrew,  508 
college,  458 
prior,  254 
quick,  127 
committees,  103 
sitting,  195 
experiencing,  171 
incredible,  170 
grateful,  150 
democracy,  184 
vital,  670 
careers,  155 
experiences,  251 
defence,  1108 
amazing,  184 
watch,  288 
passion,  133 
politics,  518 
losing,  217 
bayly,  194 
review,  1217 
selected,  387 
councils,  838 
practice,  536 
allocation,  101 
impose,  153 
contracts,  147 
exposed,  103 
burden,  199 
association,  373 
legislation,  1147 
identified,  360 
reality,  376 
event,  787 
failure,  439 
contractors,  140 
crying,  100 
urban,  444 
missing,  138 
action,  1148 
employed,  178 
let,  844 
waitaki,  327 
jacqui,  481 
dean,  633 
wanaka,  289 
comes,  759 
offer,  779 
attract,  232 
welcome,  858 
wonderful,  231 
forward,  1678 
approval,  109 
force,  710 
holds,  125 
wide,  476 
range,  1337 
equipment,  187 
maintained,  107 
ready,  709 
modern,  483 
age,  629 
volumes,  106 
threats,  176 
invested,  579 
managing,  310 
efficiently,  109 
implement,  378 
proven,  171 
assets,  368 
types,  120 
vehicle,  361 
firearms,  442 
taxpayer,  425 
spent,  799 
storage,  199 
facilities,  735 
christchurch,  2033 
date,  630 
implementation,  242 
partner,  414 
warning,  124 
clutha,  369 
southland,  736 
hamish,  321 
walker,  385 
written,  264 
lockdown,  795 
main,  463 
possible,  1249 
clear,  1674 
spoken,  109 
informed,  293 
borders,  173 
closed,  295 
visitors,  616 
tourism,  2070 
shortly,  102 
civil,  419 
visa,  196 
entitled,  110 
targeted,  440 
cancer,  686 
immediate,  280 
claiming,  236 
sending,  149 
promised,  488 
delayed,  261 
strategy,  934 
waiting,  426 
talking,  316 
pharmac,  301 
inflation,  264 
remove,  237 
independent,  686 
expert,  180 
sell,  180 
caught,  133 
sooner,  176 
grew,  125 
united,  789 
chosen,  190 
sought,  116 
parts,  372 
conference,  453 
opposition,  1485 
hamilton,  502 
elected,  570 
war,  420 
saw,  386 
peter,  257 
woman,  158 
member,  1202 
ross,  159 
serve,  236 
dame,  102 
maori,  506 
hands,  282 
wake,  100 
heavily,  145 
winning,  166 
took,  552 
faced,  178 
dispute,  106 
industrial,  220 
caused,  291 
difficulties,  109 
called,  505 
older,  281 
nash,  252 
giving,  536 
demand,  827 
largely,  157 
increasingly,  377 
father,  122 
mother,  170 
rugby,  265 
union,  334 
caucus,  406 
encouraged,  191 
expense,  106 
immediately,  283 
black,  123 
electoral,  559 
message,  440 
tour,  105 
tamaki,  182 
bills,  223 
crimes,  160 
laws,  484 
net,  333 
cities,  241 
play,  577 
appointed,  410 
lake,  181 
tried,  149 
profile,  162 
retirement,  187 
european,  190 
points,  168 
opinion,  122 
severe,  115 
retiring,  107 
man,  169 
capable,  118 
director,  349 
developed,  661 
advertising,  134 
replaced,  119 
lived,  138 
shadow,  122 
spoke,  146 
medium,  282 
massive,  398 
initially,  104 
deficit,  231 
moving,  677 
fell,  103 
looked,  117 
replace,  201 
trip,  138 
energy,  1204 
price,  500 
popular,  193 
appointment,  335 
imposed,  165 
budgets,  135 
prices,  571 
actions,  428 
voluntary,  196 
mix,  203 
balanced,  114 
dam,  141 
fast,  697 
station,  202 
mike,  102 
threatened,  113 
appeal,  124 
sections,  117 
society,  488 
falling,  220 
wood,  118 
supporters,  180 
failed,  645 
james,  179 
flight,  113 
rich,  101 
likes,  112 
recession,  116 
ashburton,  136 
largest,  822 
parliamentary,  493 
fourth,  176 
surplus,  240 
direction,  421 
tauranga,  576 
basis,  312 
expanding,  145 
shock,  130 
unable,  215 
special,  805 
alliance,  202 
referendum,  146 
elections,  154 
replacing,  155 
advance,  124 
similar,  417 
talks,  136 
agreed,  352 
reached,  182 
mrs,  609 
continued,  478 
reforms,  707 
enabling,  261 
competition,  252 
consumer,  265 
choice,  372 
voters,  181 
healthy,  422 
agreements,  351 
partners,  552 
extraordinary,  231 
global,  1155 
crisis,  1100 
canterbury,  1344 
earthquakes,  473 
pike,  173 
fastest,  178 
oecd,  369 
wanted,  201 
pledge,  129 
bilateral,  116 
cooperation,  284 
confirmed,  623 
strengthening,  394 
strengthen,  397 
follows,  202 
visits,  285 
forces,  157 
exchange,  173 
field,  200 
study,  499 
operations,  300 
conduct,  201 
enhance,  249 
provision,  234 
emergency,  1004 
acknowledged,  116 
port,  294 
anniversary,  192 
maritime,  129 
terrorism,  138 
regular,  259 
prosperity,  240 
importance,  557 
trend,  108 
qualifications,  186 
steven,  288 
joyce,  681 
figures,  623 
domestic,  396 
science,  1178 
engineering,  249 
maths,  128 
qualified,  109 
natural,  701 
physical,  301 
vehicles,  500 
stimulate,  137 
electric,  363 
uptake,  184 
round,  456 
demonstrate,  135 
implemented,  236 
relatively,  131 
petrol,  392 
renewable,  276 
electricity,  500 
emissions,  757 
fleet,  151 
carbon,  320 
paul,  1638 
goldsmith,  1907 
trades,  137 
mbie,  322 
prospects,  126 
activity,  518 
nationally,  166 
considering,  279 
crown,  1018 
principle,  117 
ngāti,  184 
historical,  116 
treaty,  330 
waitangi,  178 
negotiations,  368 
christopher,  105 
finlayson,  124 
southern,  503 
mount,  124 
settlements,  123 
marks,  116 
demonstrates,  108 
leaders,  756 
settlement,  387 
broad,  204 
focuses,  116 
relationships,  288 
devonport,  114 
column,  190 
ageing,  109 
planning,  698 
super,  111 
spread,  297 
generations,  281 
remains,  506 
affordable,  222 
tested,  166 
weekly,  105 
gone,  352 
rise,  381 
residency,  115 
requirement,  172 
wanting,  154 
claim,  333 
seniors,  299 
attorney,  100 
forms,  141 
legally,  172 
april,  684 
card,  177 
msd,  197 
newsletter,  383 
gold,  114 
peninsula,  135 
colleague,  149 
alert,  290 
japan,  268 
weather,  207 
pain,  106 
kind,  272 
safety,  2270 
user,  123 
neighbours,  170 
attractive,  114 
paper,  312 
hour,  190 
race,  121 
season,  310 
reputation,  228 
congratulations,  184 
winners,  156 
impressive,  133 
outstanding,  274 
click,  284 
instructions,  105 
waimakariri,  943 
matt,  581 
doocey,  1002 
thursday,  225 
protected,  228 
joining,  184 
participate,  188 
nikki,  737 
kaye,  1082 
location,  224 
hall,  159 
holding,  291 
tell,  421 
immigration,  613 
heard,  538 
aged,  332 
hit,  436 
running,  555 
northcote,  150 
notice,  192 
candidates,  166 
rule,  171 
fuel,  953 
sent,  199 
meat,  168 
london,  102 
journey,  220 
grown,  158 
bank,  486 
advised,  145 
entire,  206 
exceptional,  109 
raises,  128 
profit,  142 
incomes,  515 
unlock,  104 
trans,  211 
tpp,  359 
covers,  119 
worth,  469 
korea,  260 
fta,  221 
concluded,  141 
compete,  117 
afford,  301 
gains,  619 
recognition,  177 
nationwide,  263 
status,  190 
representatives,  339 
brand,  152 
widely,  114 
dairy,  673 
harmful,  137 
waterways,  196 
cause,  351 
enter,  257 
food,  1064 
chain,  117 
obligations,  250 
release,  788 
promoting,  223 
coast,  849 
tasman,  492 
maureen,  128 
pugh,  150 
helicopter,  202 
operators,  264 
hectares,  233 
implications,  111 
winter,  248 
gap,  170 
threat,  289 
planting,  163 
privacy,  330 
respect,  288 
websites,  145 
digital,  893 
sites,  679 
reserve,  391 
provisions,  227 
comply,  114 
updated,  230 
specifically,  222 
mobile,  286 
directly,  449 
linked,  163 
personally,  129 
collect,  209 
category,  220 
users,  329 
removed,  144 
limits,  206 
collection,  191 
carrying,  115 
certain,  245 
donation,  277 
purchase,  219 
connect,  428 
feed,  160 
volunteer,  305 
host,  190 
request,  275 
note,  265 
connection,  259 
leaving,  274 
comments,  301 
content,  286 
participating,  127 
forums,  109 
features,  125 
participation,  274 
surveys,  106 
fee,  125 
treated,  156 
citizen,  140 
donate,  149 
calendar,  255 
entities,  104 
publicly,  327 
maintain,  475 
accurate,  205 
donor,  123 
confidentially,  102 
exclusively,  114 
disclosure,  144 
secretary,  222 
officer,  225 
cookies,  115 
drive,  775 
purposes,  106 
described,  163 
strict,  113 
setting,  362 
suggest,  137 
contain,  104 
reasonable,  142 
prevent,  421 
aware,  413 
perfect,  105 
transmission,  115 
type,  188 
messages,  142 
emails,  170 
affect,  241 
donations,  152 
levy,  390 
tourist,  214 
racing,  387 
breach,  217 
accounts,  200 
significantly,  442 
cuts,  199 
coromandel,  318 
blow,  134 
freshwater,  423 
plymouth,  324 
shown,  373 
kauri,  100 
trees,  217 
sarah,  184 
dowie,  122 
biosecurity,  359 
damien,  126 
needing,  127 
hardship,  243 
units,  149 
mums,  128 
achievements,  167 
inspiring,  117 
relevant,  243 
desperately,  136 
changed,  297 
self,  316 
isolation,  349 
offering,  214 
shape,  205 
curriculum,  235 
words,  171 
stands,  101 
scrutiny,  102 
sri,  104 
easter,  141 
consider,  522 
discussions,  291 
summit,  202 
noted,  122 
sold,  145 
boards,  283 
gang,  377 
valley,  263 
biodiversity,  114 
wilding,  130 
variety,  146 
opposite,  106 
announce,  292 
voting,  241 
employee,  104 
hire,  205 
worker,  205 
employ,  121 
freedom,  289 
faster,  636 
pretty,  127 
aside,  190 
contributions,  191 
ird,  109 
gst,  186 
company,  606 
commerce,  353 
extending,  201 
invercargill,  160 
officers,  380 
otago,  626 
sporting,  128 
manager,  274 
dog,  209 
pests,  102 
restore,  257 
born,  201 
advocate,  266 
ethnic,  155 
hope,  733 
join,  477 
muller,  956 
dedication,  106 
chinese,  261 
served,  334 
administration,  221 
fair,  499 
struggling,  368 
kiwifruit,  120 
pick,  138 
fruit,  212 
institute,  437 
follow,  299 
workplace,  315 
iain,  127 
lees,  209 
galloway,  208 
worried,  153 
parker,  190 
meantime,  122 
showed,  211 
earn,  256 
highways,  152 
trials,  128 
stability,  172 
repeal,  202 
rma,  324 
explore,  184 
discussion,  661 
proposing,  277 
motorists,  213 
update,  401 
waiheke,  133 
hills,  101 
professionals,  283 
excellence,  269 
awards,  572 
talented,  122 
secondary,  304 
collaboration,  325 
lifestyle,  107 
entry,  228 
operating,  552 
babies,  217 
communication,  133 
car,  340 
requiring,  213 
compulsory,  142 
crash,  107 
check,  267 
applying,  102 
survey,  501 
rebuild,  455 
generation,  485 
keen,  309 
discussed,  117 
peace,  254 
pilot,  384 
travelling,  247 
delegation,  101 
attended,  357 
connections,  312 
highway,  893 
route,  432 
freight,  213 
traffic,  499 
napier,  186 
hawke,  243 
residential,  439 
expressway,  477 
approximately,  165 
kilometres,  151 
stream,  127 
northland,  746 
upgrades,  187 
extreme,  109 
islands,  329 
lanes,  164 
causes,  128 
delays,  203 
crashes,  124 
reported,  257 
intersection,  244 
museum,  103 
cycling,  188 
underway,  580 
consents,  194 
remaining,  156 
shore,  342 
maggie,  372 
barry,  777 
arts,  430 
culture,  515 
heritage,  601 
portfolios,  181 
voice,  360 
elderly,  103 
enormous,  168 
species,  361 
predator,  372 
weeds,  107 
saving,  234 
highlight,  181 
truly,  178 
veterans,  155 
responsibilities,  197 
wasn,  158 
win,  301 
reo,  133 
intermediate,  113 
citizens,  267 
valued,  108 
proud,  865 
draft,  226 
networks,  220 
reasons,  230 
roles,  399 
campaigns,  149 
rightly,  141 
rely,  162 
tens,  248 
values,  361 
friendly,  209 
happy,  263 
section,  314 
page,  265 
representative,  180 
hearing,  276 
interested,  308 
complaints,  129 
ufb,  304 
ultra,  181 
broadband,  482 
fibre,  164 
officially,  166 
towns,  242 
internet,  261 
design,  494 
consenting,  108 
meets,  100 
decades,  262 
beds,  102 
patients,  553 
regardless,  169 
tracking,  158 
accommodate,  144 
roll,  439 
hekia,  181 
parata,  459 
expanded,  118 
site,  531 
trends,  105 
passionate,  178 
music,  120 
basin,  102 
pockets,  234 
threshold,  158 
facing,  634 
temporary,  240 
puts,  170 
earners,  107 
retail,  159 
hospitality,  112 
hole,  100 
investments,  431 
carefully,  165 
prudent,  117 
charities,  110 
reminder,  112 
transparency,  186 
felt,  153 
regulation,  360 
absolute,  116 
ease,  128 
upgraded,  108 
walking,  186 
easily,  157 
safely,  261 
beautiful,  170 
plays,  129 
input,  165 
items,  119 
appreciate,  144 
anz,  113 
inland,  416 
raised,  500 
addressed,  141 
demonstrated,  135 
pressures,  167 
engage,  327 
dialogue,  110 
involves,  161 
prepared,  349 
allowing,  415 
base,  310 
sensible,  220 
harder,  278 
minimise,  113 
chance,  540 
intended,  178 
framework,  538 
cross,  421 
border,  933 
software,  119 
offshore,  271 
produce,  257 
sound,  214 
australian,  276 
listed,  106 
involve,  176 
corporate,  161 
distribution,  120 
ownership,  239 
stakeholders,  230 
scheduled,  107 
application,  285 
trustees,  122 
professional,  360 
acting,  175 
theme,  134 
game,  267 
progressively,  101 
resident,  104 
minimum,  344 
equity,  284 
authorities,  198 
transfer,  199 
pricing,  101 
robust,  254 
guidelines,  174 
actual,  112 
disputes,  100 
avoid,  291 
assess,  146 
limit,  258 
appear,  142 
loans,  108 
aspects,  133 
recommendations,  335 
globally,  131 
mention,  125 
regard,  113 
recommended,  238 
transformation,  151 
median,  105 
compliance,  346 
reductions,  132 
prepare,  216 
returns,  139 
paye,  135 
fees,  450 
regime,  351 
productive,  298 
pegasus,  144 
stopped,  132 
leaves,  100 
animals,  115 
mayor,  294 
stories,  204 
fonterra,  122 
animal,  146 
played,  159 
tracing,  117 
signs,  230 
couple,  292 
facebook,  222 
unprecedented,  158 
rail,  878 
shouldn,  210 
doubt,  258 
eye,  178 
announcements,  204 
provincial,  270 
houses,  983 
kiwibuild,  669 
subsidies,  145 
direct,  369 
incentives,  111 
expenditure,  181 
faith,  103 
stand,  469 
heading,  178 
deeply,  213 
paula,  342 
bennett,  920 
shopping,  101 
maungakiekie,  124 
wealth,  240 
interesting,  110 
principals,  228 
harbour,  357 
unions,  148 
ride,  112 
strike,  283 
lee,  274 
train,  213 
bus,  324 
strikes,  204 
shortages,  133 
demands,  129 
fifth,  132 
disruption,  171 
coastal,  205 
certainty,  418 
commuters,  151 
worse,  443 
sized,  141 
enterprises,  122 
backing,  141 
hardworking,  190 
manufacturing,  257 
unnecessary,  130 
highlights,  195 
intentions,  116 
china,  657 
states,  498 
thanks,  391 
present,  286 
presented,  246 
desire,  119 
unique,  339 
letter,  240 
ceo,  147 
ngā,  144 
enterprise,  246 
democratic,  111 
sit,  220 
chamber,  136 
actively,  159 
ask,  284 
legislative,  151 
regulations,  585 
rental,  166 
rents,  214 
fails,  116 
blame,  119 
dan,  104 
gangs,  266 
stuart,  385 
soft,  191 
greens,  379 
violence,  1059 
twice,  169 
taskforce,  108 
table,  208 
broken,  260 
cents,  164 
pump,  102 
fear,  147 
parmjeet,  139 
parmar,  187 
passing,  208 
clarity,  196 
urgently,  250 
scientists,  124 
consistent,  326 
birth,  154 
legacy,  108 
delay,  157 
behaviour,  306 
attempt,  147 
obvious,  103 
white,  154 
sexual,  257 
tackling,  139 
movement,  131 
determined,  205 
devastating,  148 
victims,  879 
offences,  191 
victim,  161 
bail,  102 
pass,  261 
secure,  469 
ministerial,  344 
responses,  115 
surgeries,  165 
especially,  519 
measles,  205 
outbreak,  258 
timely,  197 
scrapped,  126 
regularly,  183 
transparent,  201 
sport,  448 
recreation,  197 
cup,  265 
contributing,  175 
playing,  213 
smart,  212 
expressed,  111 
canada,  137 
advocating,  125 
advocacy,  143 
handling,  109 
slush,  146 
radio,  181 
broadcasting,  138 
employees,  273 
trail,  241 
laid,  109 
charge,  194 
answers,  210 
referred,  127 
yes,  136 
friend,  108 
constituents,  232 
located,  111 
tool,  269 
perspective,  146 
genuine,  109 
terrible,  121 
collective,  188 
push,  202 
fix,  218 
pushing,  173 
northern,  318 
anzac,  299 
breakfast,  118 
book,  106 
conversation,  111 
absolutely,  219 
keeps,  108 
pace,  157 
foundation,  318 
cgt,  103 
hurt,  159 
pipeline,  157 
cancelled,  229 
flow,  271 
effects,  284 
accident,  126 
transition,  311 
greenhouse,  136 
shaw,  106 
establishment,  227 
barrier,  198 
progressing,  140 
progressed,  100 
titles,  105 
rollout,  109 
hugely,  172 
constituency,  112 
granted,  244 
uncertainty,  425 
mission,  204 
personnel,  148 
army,  169 
press,  201 
indicated,  103 
urgency,  193 
rights,  543 
charges,  121 
gisborne,  163 
girls,  119 
tolley,  448 
wine,  179 
resolution,  182 
speed,  379 
communications,  289 
consent,  170 
multi,  305 
fundamental,  140 
lines,  125 
offered,  199 
connectivity,  202 
rolled,  124 
breaking,  141 
tribunal,  132 
air,  551 
iwi,  622 
anne,  467 
prisoners,  317 
prisons,  140 
returning,  210 
resulting,  132 
offender,  102 
teach,  101 
tunnel,  226 
sir,  304 
powers,  315 
saturday,  190 
trained,  118 
iraq,  117 
aid,  154 
visas,  221 
sunday,  192 
lodged,  120 
issued,  138 
unlikely,  107 
village,  134 
takes,  470 
piece,  199 
filled,  114 
rehabilitation,  148 
weekend,  243 
decile,  119 
produced,  139 
kāhui,  110 
ako,  137 
operation,  220 
acts,  103 
participants,  122 
determine,  127 
pathways,  130 
gets,  249 
fish,  145 
selwyn,  282 
runs,  110 
panel,  279 
impressed,  160 
excited,  164 
eugenie,  128 
sage,  193 
sales,  100 
performing,  181 
language,  373 
congratulate,  185 
pride,  105 
determination,  120 
accessible,  250 
properties,  372 
formal,  149 
addressing,  286 
search,  123 
slow,  256 
restrictions,  267 
bed,  120 
detailed,  234 
expects,  104 
topics,  103 
extensive,  208 
buyers,  294 
affordability,  105 
art,  194 
ups,  119 
encourages,  118 
welcomes,  295 
classrooms,  624 
kura,  169 
cook,  147 
honoured,  104 
martin,  100 
adding,  336 
welcoming,  140 
voices,  141 
carried,  219 
numerous,  102 
influence,  137 
occurred,  112 
ambulance,  141 
forget,  113 
rent,  203 
door,  143 
flagship,  109 
corner,  126 
buying,  121 
homestart,  156 
solution,  398 
fortunate,  108 
advanced,  146 
singapore,  129 
levies,  118 
diabetes,  112 
toll,  111 
mountain,  132 
phase,  352 
ets,  161 
paris,  115 
usual,  159 
effectively,  382 
coal,  120 
mining,  113 
aotearoa,  125 
recover,  131 
cars,  195 
slowing,  154 
minutes,  133 
hitting,  130 
deaths,  200 
mana,  121 
koutou,  210 
interim,  123 
advisory,  354 
reference,  131 
thrive,  238 
expectations,  268 
attracting,  132 
identifying,  102 
criminal,  345 
represents,  185 
aspirations,  129 
careful,  159 
birthday,  100 
catch,  176 
recruitment,  104 
papers,  109 
enable,  743 
undertaken,  220 
sees,  103 
reflect,  340 
denise,  118 
marine,  351 
onehunga,  163 
streets,  174 
oxford,  143 
rangiora,  196 
coffee,  120 
kaiapoi,  161 
employer,  116 
pakuranga,  255 
rushed,  111 
nature,  279 
simeon,  394 
brown,  467 
wellbeing,  578 
everyday,  122 
ceremony,  184 
hipkins,  347 
introduce,  404 
tenancy,  110 
secret,  123 
wairarapa,  149 
ece,  152 
visiting,  259 
doubled,  113 
lincoln,  120 
poverty,  285 
poorly,  128 
cbd,  145 
interchange,  176 
projected,  147 
shortage,  136 
town,  365 
brett,  220 
hudson,  203 
backed,  138 
causing,  142 
belfast,  213 
motorway,  314 
woodend,  312 
bypass,  285 
crossing,  159 
tonight,  164 
momentum,  165 
corridor,  184 
waimak,  216 
practitioners,  107 
processing,  167 
telling,  224 
objective,  125 
separate,  102 
intention,  143 
monthly,  115 
exemption,  129 
option,  290 
loan,  127 
intend,  111 
genter,  240 
models,  151 
illegal,  216 
followed,  213 
owner,  118 
fellow,  141 
wto,  101 
beef,  170 
murray,  136 
mccully,  203 
solid,  134 
hazards,  123 
appointments,  197 
doc,  481 
nicky,  289 
wagner,  591 
stress,  144 
virtual,  104 
elements,  124 
creative,  133 
completion,  210 
figure,  104 
worry,  116 
refusal,  218 
migration,  115 
mind,  198 
belief,  123 
migrants,  136 
spirit,  130 
stated,  131 
spaces,  223 
involvement,  139 
created,  652 
sustainability,  172 
upgrading,  121 
challenging,  341 
uncertain,  110 
emerging,  160 
disasters,  107 
peak,  160 
manner,  114 
evs,  116 
litre,  155 
geothermal,  144 
source,  185 
scholarship,  138 
whilst,  121 
apec,  146 
clumsy,  170 
courts,  290 
criminals,  181 
estimates,  224 
refused,  186 
beach,  140 
seeks,  133 
confirm,  184 
intends,  145 
tram,  110 
albert,  136 
refusing,  137 
tourists,  233 
deserves,  140 
forced,  278 
teacher,  426 
signalled,  100 
fall,  211 
correct,  118 
injury,  116 
retain,  145 
forest,  301 
scrap,  104 
importantly,  156 
basic,  184 
decide,  184 
pre,  419 
missed,  116 
potentially,  189 
foster,  203 
stats,  114 
reviews,  178 
comprehensive,  484 
oranga,  102 
tamariki,  117 
independence,  122 
bush,  131 
sea,  245 
feet,  168 
inquiry,  441 
nats,  170 
fallen,  120 
collaborative,  160 
forests,  112 
pest,  208 
fine,  125 
incompetence,  121 
facilitate,  133 
costing,  224 
regeneration,  349 
coronavirus,  161 
wave,  128 
losses,  172 
deep,  141 
distance,  107 
tim,  351 
seismic,  131 
quake,  155 
scientific,  187 
midwives,  152 
penalties,  125 
passengers,  190 
farmer,  177 
cycleway,  131 
celebrating,  116 
guarantee,  102 
bluegreens,  126 
investigate,  101 
timber,  104 
estate,  104 
inherited,  108 
ਸਰਕ,  118 
locations,  100 
index,  146 
bays,  136 
rivers,  171 
drugs,  382 
medicines,  198 
walks,  141 
damaged,  110 
kaikōura,  211 
church,  126 
vaccines,  178 
arrived,  106 
mothers,  254 
aucklanders,  162 
memorial,  283 
governor,  119 
sroubek,  128 
convicted,  102 
wife,  131 
macindoe,  291 
contest,  130 
gps,  105 
decline,  151 
surpluses,  120 
recognises,  213 
woods,  130 
parking,  106 
original,  150 
lumsden,  209 
polytechnic,  200 
attitude,  107 
relating,  118 
professor,  132 
writing,  134 
melling,  101 
volunteering,  112 
equal,  113 
recognising,  144 
fail,  144 
records,  167 
holidays,  114 
commitments,  165 
litter,  101 
undertaking,  127 
screening,  228 
nurse,  101 
ian,  121 
procedures,  128 
fishery,  113 
migrant,  117 
motor,  100 
landscape,  105 
ambassador,  108 
kingdom,  154 
tests,  160 
strengthened,  136 
ranging,  137 
operational,  219 
kapiti,  114 
builds,  195 
pragmatic,  112 
caring,  128 
letting,  140 
stations,  110 
oamaru,  107 
otaki,  145 
ratepayers,  139 
customs,  287 
destination,  114 
duty,  142 
vessels,  102 
clinical,  225 
significance,  247 
sad,  139 
profession,  125 
talent,  165 
enforcement,  126 
drought,  109 
zone,  155 
sheep,  160 
production,  308 
contributes,  110 
sources,  120 
voter,  101 
patient,  252 
tragedy,  101 
palmerston,  159 
operate,  232 
upfront,  102 
sanctuary,  154 
birthing,  113 
papakura,  115 
vibrant,  119 
evaluation,  107 
accord,  103 
killed,  126 
committing,  112 
taupo,  273 
convention,  121 
injuries,  123 
camping,  117 
piarere,  106 
van,  122 
body,  280 
soldiers,  104 
permits,  102 
forecasts,  210 
examples,  169 
hollow,  110 
mentioned,  100 
context,  139 
gulf,  123 
bodies,  103 
dad,  106 
releasing,  132 
admit,  101 
census,  130 
sadly,  131 
hill,  129 
straight,  103 
lots,  102 
milk,  151 
cope,  100 
shovel,  267 
adults,  137 
quarantine,  230 
disappointed,  174 
suicide,  143 
inform,  119 
conflict,  193 
learners,  112 
gender,  140 
baby,  122 
petroleum,  100 
cannabis,  335 
stoke,  107 
routes,  101 
residence,  111 
external,  101 
waimea,  156 
levin,  110 
statements,  123 
reflected,  106 
prisoner,  116 
lawyer,  100 
drawn,  178 
flows,  120 
degree,  145 
smoking,  117 
manukau,  140 
ideology,  103 
falloon,  101 
america,  178 
rse,  146 
ōtaki,  126 
integrity,  207 
waka,  144 
jumping,  116 
ring,  152 
medicinal,  154 
hong,  125 
kong,  119 
ballot,  274 
chose,  107 
differences,  100 
video,  154 
obesity,  155 
landlords,  163 
aquaculture,  104 
fields,  107 
wildlife,  102 
vaping,  118 
blood,  100 
disabled,  183 
languages,  134 
ocean,  139 
hunting,  102 
parihaka,  141 
dogs,  129 
code,  160 
tēnā,  142 
